{
  "sampleRate": 44100.0,
  "channels": 2,
  "numSamples": 266364,
  "detectedLatencySamples": 1764,
  "wetPeakDbfs": -41.377113342285156,
  "wetRmsDbfs": -63.296375274658203,
  "wetPeakDbfsPerChannel": [
    -41.377113342285156,
    -42.799156188964844
  ],
  "wetRmsDbfsPerChannel": [
    -63.323890686035156,
    -63.269027709960938
  ],
  "correlation": 0.009484334889334,
  "hasNaNOrInfWet": false,
  "hasNaNOrInfDelta": false,
  "deltaPeakDbfs": -0.938507556915283,
  "deltaRmsDbfs": -54.568332672119141
}