{
  "sampleRate": 44100.0,
  "channels": 2,
  "numSamples": 132300,
  "detectedLatencySamples": 0,
  "wetPeakDbfs": -7.542819023132324,
  "wetRmsDbfs": -55.870498657226562,
  "correlation": 0.0,
  "hasNaNOrInfWet": false,
  "hasNaNOrInfDelta": false,
  "deltaPeakDbfs": -0.915503263473511,
  "deltaRmsDbfs": -50.599884033203125
}