{
  "sampleRate": 44100.0,
  "channels": 2,
  "numSamples": 178164,
  "detectedLatencySamples": 1764,
  "wetPeakDbfs": -39.772724151611328,
  "wetRmsDbfs": -56.703781127929688,
  "wetPeakDbfsPerChannel": [
    -40.218944549560547,
    -39.772724151611328
  ],
  "wetRmsDbfsPerChannel": [
    -56.742424011230469,
    -56.665473937988281
  ],
  "correlation": 0.001370071790261,
  "hasNaNOrInfWet": false,
  "hasNaNOrInfDelta": false,
  "deltaPeakDbfs": -0.922524333000183,
  "deltaRmsDbfs": -51.755641937255859
}