{
  "sampleRate": 44100.0,
  "channels": 2,
  "numSamples": 220500,
  "detectedLatencySamples": 0,
  "wetPeakDbfs": -41.477302551269531,
  "wetRmsDbfs": -64.821304321289062,
  "correlation": 0.0,
  "hasNaNOrInfWet": false,
  "hasNaNOrInfDelta": false,
  "deltaPeakDbfs": -0.915503263473511,
  "deltaRmsDbfs": -53.976486206054688
}