{
  "sampleRate": 44100.0,
  "channels": 2,
  "numSamples": 132300,
  "detectedLatencySamples": 0,
  "wetPeakDbfs": -7.267457008361816,
  "wetRmsDbfs": -55.826957702636719,
  "wetPeakDbfsPerChannel": [
    -7.556235313415527,
    -7.267457008361816
  ],
  "wetRmsDbfsPerChannel": [
    -55.92864990234375,
    -55.72760009765625
  ],
  "correlation": 0.0,
  "hasNaNOrInfWet": false,
  "hasNaNOrInfDelta": false,
  "deltaPeakDbfs": -0.915503263473511,
  "deltaRmsDbfs": -50.586906433105469
}