{
  "sampleRate": 44100.0,
  "channels": 2,
  "numSamples": 132300,
  "detectedLatencySamples": 0,
  "wetPeakDbfs": -7.288212776184082,
  "wetRmsDbfs": -56.075382232666016,
  "correlation": 0.0,
  "hasNaNOrInfWet": false,
  "hasNaNOrInfDelta": false,
  "deltaPeakDbfs": -0.915503263473511,
  "deltaRmsDbfs": -50.659755706787109
}