{
  "sampleRate": 44100.0,
  "channels": 2,
  "numSamples": 220500,
  "detectedLatencySamples": 0,
  "wetPeakDbfs": -40.304416656494141,
  "wetRmsDbfs": -63.7003173828125,
  "correlation": 0.0,
  "hasNaNOrInfWet": false,
  "hasNaNOrInfDelta": false,
  "deltaPeakDbfs": -0.915503263473511,
  "deltaRmsDbfs": -53.872459411621094
}