{
  "sampleRate": 44100.0,
  "channels": 2,
  "numSamples": 132300,
  "detectedLatencySamples": 0,
  "wetPeakDbfs": -7.288212776184082,
  "wetRmsDbfs": -56.075382232666016,
  "wetPeakDbfsPerChannel": [
    -7.521306037902832,
    -7.288212776184082
  ],
  "wetRmsDbfsPerChannel": [
    -56.195037841796875,
    -55.958934783935547
  ],
  "correlation": 0.0,
  "hasNaNOrInfWet": false,
  "hasNaNOrInfDelta": false,
  "deltaPeakDbfs": -0.915503263473511,
  "deltaRmsDbfs": -50.659755706787109
}