{
  "sampleRate": 44100.0,
  "channels": 2,
  "numSamples": 178164,
  "detectedLatencySamples": 1764,
  "wetPeakDbfs": -40.391716003417969,
  "wetRmsDbfs": -59.949756622314453,
  "correlation": 0.002334774876129,
  "hasNaNOrInfWet": false,
  "hasNaNOrInfDelta": false,
  "deltaPeakDbfs": -0.922524333000183,
  "deltaRmsDbfs": -52.556838989257812
}